timestamp,fullname,studentId,date,time,income,expenses,email,expenseType
"5/1/2025, 19:05:22",พันธุ์ธัช สุวรรณวัฒนะ,6630250281,5/1/2025,19:04:00,0,0,pantat.s@ku.th,ไม่มีค่าใช้จ่าย
"5/1/2025, 19:14:26",วรินทร์ สายปัญญา,6630250435,5/1/2025,19:13:00,0,255,warin.sai@ku.th,ค่าใช้จ่ายพื้นฐาน
"5/1/2025, 19:19:56",ปุณณภพ มีฤทธิ์,6630250591,5/1/2025,19:19:00,5000,574,punnaphop.m@ku.th,ค่าใช้จ่ายพื้นฐาน
"5/1/2025, 19:47:24",ปัณณวัฒน์ นิ่งเจริญ,6630250231,5/1/2025,19:47:00,1000,500,pannawat.n@ku.th,ค่าใช้จ่ายพื้นฐาน
"6/1/2025, 20:26:35",ปุณณภพ มีฤทธิ์,6630250591,6/1/2025,20:26:00,0,182,punnaphop.m@ku.th,ค่าใช้จ่ายพื้นฐาน
"6/1/2025, 20:58:08",พันธุ์ธัช สุวรรณวัฒนะ,6630250281,6/1/2025,20:58:00,0,362,pantat.s@ku.th,ค่าใช้จ่ายพื้นฐาน
"6/1/2025, 21:20:43",วรินทร์ สายปัญญา,6630250435,6/1/2025,21:20:00,0,247,warin.sai@ku.th,ค่าใช้จ่ายพื้นฐาน
"7/1/2025, 13:03:05",ปัณณวัฒน์ นิ่งเจริญ,6630250231,6/1/2025,17:00:00,0,147,pannawat.n@ku.th,ค่าใช้จ่ายพื้นฐาน
"7/1/2025, 19:23:33",ปุณณภพ มีฤทธิ์,6630250591,7/1/2025,19:23:00,0,228,punnaphop.m@ku.th,ค่าใช้จ่ายพื้นฐาน
"7/1/2025, 19:43:12",ปัณณวัฒน์ นิ่งเจริญ,6630250231,7/1/2025,19:42:00,0,155,pannawat.n@ku.th,ค่าใช้จ่ายพื้นฐาน
"7/1/2025, 19:56:57",วรินทร์ สายปัญญา,6630250435,7/1/2025,19:56:00,0,196,warin.sai@ku.th,ค่าใช้จ่ายพื้นฐาน
"7/1/2025, 20:35:06",พันธุ์ธัช สุวรรณวัฒนะ,6630250281,7/1/2025,20:35:00,0,250,pantat.s@ku.th,ค่าใช้จ่ายพื้นฐาน
"8/1/2025, 20:05:47",ปุณณภพ มีฤทธิ์,6630250591,8/1/2025,20:05:00,0,288,punnaphop.m@ku.th,ค่าใช้จ่ายพื้นฐาน
"8/1/2025, 21:26:54",วรินทร์ สายปัญญา,6630250435,8/1/2568,21:26:00,0,420,warin.sai@ku.th,ค่าใช้จ่ายส่วนตัว
"8/1/2025, 22:37:41",พันธุ์ธัช สุวรรณวัฒนะ,6630250281,8/1/2025,22:36:00,0,155,pantat.s@ku.th,ค่าใช้จ่ายพื้นฐาน
"8/1/2025, 23:02:28",ปัณณวัฒน์ นิ่งเจริญ,6630250231,8/1/2025,23:00:00,0,40,pannawat.n@ku.th,ค่าใช้จ่ายพื้นฐาน
"9/1/2025, 22:03:18",ปัณณวัฒน์ นิ่งเจริญ,6630250231,9/1/2025,22:02:00,0,110,pannawat.n@ku.th,ค่าใช้จ่ายพื้นฐาน
"9/1/2025, 22:45:21",วรินทร์ สายปัญญา,6630250435,9/1/2025,22:24:00,0,257,warin.sai@ku.th,ค่าใช้จ่ายพื้นฐาน
"9/1/2025, 22:50:49",ปุณณภพ มีฤทธิ์,6630250591,9/1/2025,22:50:00,0,377,punnaphop.m@ku.th,ค่าใช้จ่ายพื้นฐาน
"9/1/2025, 22:51:56",พันธุ์ธัช สุวรรณวัฒนะ,6630250281,9/1/2025,10:51:00,0,429,pantat.s@ku.th,ค่าใช้จ่ายพื้นฐาน
"10/1/2025, 21:11:24",ปุณณภพ มีฤทธิ์,6630250591,10/1/2025,21:11:00,0,187,punnaphop.m@ku.th,ค่าใช้จ่ายพื้นฐาน
"10/1/2025, 21:57:49",วรินทร์ สายปัญญา,6630250435,10/1/2568,21:54:00,500,882,warin.sai@ku.th,ค่าใช้จ่ายส่วนตัว
"10/1/2025, 22:01:09",ปัณณวัฒน์ นิ่งเจริญ,6630250231,10/1/2025,22:00:00,0,80,pannawat.n@ku.th,ค่าใช้จ่ายพื้นฐาน
"10/1/2025, 23:44:32",พันธุ์ธัช สุวรรณวัฒนะ,6630250281,10/1/2025,11:44:00,0,260,pantat.s@ku.th,ค่าใช้จ่ายพื้นฐาน
"11/1/2025, 19:12:16",วรินทร์ สายปัญญา,6630250435,11/1/2025,19:12:00,0,168,warin.sai@ku.th,ค่าใช้จ่ายพื้นฐาน
"11/1/2025, 20:53:36",ปัณณวัฒน์ นิ่งเจริญ,6630250231,11/1/2025,20:53:00,0,0,pannawat.n@ku.th,ไม่มีค่าใช้จ่าย
"11/1/2025, 21:22:23",ปุณณภพ มีฤทธิ์,6630250591,11/1/2025,21:21:00,0,174,punnaphop.m@ku.th,ค่าใช้จ่ายพื้นฐาน
"12/1/2025, 0:27:19",พันธุ์ธัช สุวรรณวัฒนะ,6630250281,12/1/2025,12:27:00,0,415,pantat.s@ku.th,ค่าใช้จ่ายส่วนตัว
"12/1/2025, 20:27:56",วรินทร์ สายปัญญา,6630250435,12/1/2025,20:27:00,0,355,warin.sai@ku.th,ค่าใช้จ่ายส่วนตัว
"12/1/2025, 20:59:14",พันธุ์ธัช สุวรรณวัฒนะ,6630250281,12/1/2025,20:59:00,0,159,pantat.s@ku.th,ค่าใช้จ่ายพื้นฐาน
"12/1/2025, 23:45:49",ปัณณวัฒน์ นิ่งเจริญ,6630250231,12/1/2025,23:45:00,1000,340,pannawat.n@ku.th,ค่าใช้จ่ายพื้นฐาน
"13/1/2025, 9:54:27",ปุณณถพ มีฤทธิ์,6630250591,12/1/2025,9:54:00,0,325,punnaphop.m@ku.th,ค่าใช้จ่ายพื้นฐาน
"13/1/2025, 18:00:08",วรินทร์ สายปัญญา,6630250435,13/1/2025,17:59:00,0,182,warin.sai@ku.th,ค่าใช้จ่ายพื้นฐาน
"13/1/2025, 20:27:13",พันธุ์ธัช สุวรรณวัฒนะ,6630250281,13/1/2025,20:27:00,0,105,pantat.s@ku.th,ค่าใช้จ่ายพื้นฐาน
"13/1/2025, 22:55:33",ปุณณภพ มีฤทธิ์,6630250591,13/1/2025,22:55:00,0,266,punnaphop.m@ku.th,ค่าใช้จ่ายพื้นฐาน
"14/1/2025, 0:18:59",ปัณณวัฒน์ นิ่งเจริญ,6630250231,13/1/2025,22:00:00,0,45,pannawat.n@ku.th,ค่าใช้จ่ายพื้นฐาน
"14/1/2025, 19:34:08",วรินทร์ สายปัญญา,6630250435,14/1/2025,19:33:00,0,195,warin.sai@ku.th,ค่าใช้จ่ายพื้นฐาน
"15/1/2025, 0:11:18",พันธุ์ธัช สุวรรณวัฒนะ,6630250281,14/1/2025,0:10:00,0,145,pantat.s@ku.th,ค่าใช้จ่ายพื้นฐาน
"15/1/2025, 1:09:34",ปัณณวัฒน์ นิ่งเจริญ,6630250231,14/1/2025,22:00:00,0,35,pannawat.n@ku.th,ค่าใช้จ่ายพื้นฐาน
"15/1/2025, 7:52:24",ปุณณภพ มีฤทธิ์,6630250591,14/1/2025,21:52:00,0,271,punnaphop.m@ku.th,ค่าใช้จ่ายพื้นฐาน
"15/1/2025, 20:04:02",วรินทร์ สายปัญญา,6630250435,15/1/2025,20:03:00,0,171,warin.sai@ku.th,ค่าใช้จ่ายพื้นฐาน
"15/1/2025, 21:19:37",ปุณณภพ มีฤทธิ์,6630250591,15/1/2025,21:19:00,0,148,punnaphop.m@ku.th,ค่าใช้จ่ายพื้นฐาน
"15/1/2025, 23:54:33",พันธุ์ธัช สุวรรณวัฒนะ,6630250281,15/1/2025,11:53:00,6000,160,pantat.s@ku.th,ค่าใช้จ่ายพื้นฐาน
"16/1/2025, 10:32:58",ปัณณวัฒน์ นิ่งเจริญ,6630250231,15/1/2025,22:00:00,0,85,pannawat.n@ku.th,ค่าใช้จ่ายพื้นฐาน
"16/1/2025, 22:13:15",วรินทร์ สายปัญญา,6630250435,16/1/2025,22:12:00,0,190,warin.sai@ku.th,ค่าใช้จ่ายพื้นฐาน
"17/1/2025, 1:24:00",พันธุ์ธัช สุวรรณวัฒนะ,6630250281,16/1/2025,1:23:00,0,155,pantat.s@ku.th,ค่าใช้จ่ายพื้นฐาน
"17/1/2025, 12:01:46",ปัณณวัฒน์ นิ่งเจริญ,6630250231,16/1/2025,22:00:00,0,45,pannawat.n@ku.th,ค่าใช้จ่ายพื้นฐาน
"17/1/2025, 19:49:32",ปุณณภพ มีฤทธิ์,6630250591,16/1/2025,22:05:00,0,267,punnaphop.m@ku.th,ค่าใช้จ่ายพื้นฐาน
"17/1/2025, 20:57:47",วรินทร์ สายปัญญา,6630250435,17/1/2025,20:57:00,0,170,warin.sai@ku.th,ค่าใช้จ่ายพื้นฐาน
"17/1/2025, 21:55:24",ปุณณภพ มีฤทธิ์,6630250591,17/1/2025,21:55:00,0,164,punnaphop.m@ku.th,ค่าใช้จ่ายพื้นฐาน
"17/1/2025, 21:55:39",ปัณณวัฒน์ นิ่งเจริญ,6630250231,17/1/2025,21:55:00,0,0,pannawat.n@ku.th,ไม่มีค่าใช้จ่าย
"18/1/2025, 1:24:18",พันธุ์ธัช สุวรรณวัฒนะ,6630250281,17/1/2025,1:23:00,0,414,pantat.s@ku.th,ค่าใช้จ่ายส่วนตัว
"18/1/2025, 21:54:53",วรินทร์ สายปัญญา,6630250435,18/1/2025,21:54:00,0,165,warin.sai@ku.th,ค่าใช้จ่ายพื้นฐาน
"18/1/2025, 23:17:22",ปุณณภพ มีฤทธิ์,6630150591,18/1/2025,23:17:00,0,190,punnaphop.m@ku.th,ค่าใช้จ่ายพื้นฐาน
"18/1/2025, 23:55:37",พันธุ์ธัช สุวรรณวัฒนะ,6630250281,18/1/2025,11:55:00,0,330,pantat.s@ku.th,ค่าใช้จ่ายพื้นฐาน
"19/1/2025, 0:26:59",ปัณณวัฒน์ นิ่งเจริญ,6630250231,18/1/2025,22:00:00,1000,0,pannawat.n@ku.th,ไม่มีค่าใช้จ่าย
"19/1/2025, 22:59:22",วรินทร์ สายปัญญา,6630250435,19/1/2025,22:58:00,0,248,warin.sai@ku.th,ค่าใช้จ่ายพื้นฐาน
"20/1/2025, 1:02:16",พันธุ์ธัช สุวรรณวัฒนะ,6630250281,19/1/2025,1:02:00,0,75,pantat.s@ku.th,ค่าใช้จ่ายพื้นฐาน
"20/1/2025, 15:00:41",ปัณณวัฒน์ นิ่งเจริญ,6630250231,19/1/2025,22:00:00,498,1513,pannawat.n@ku.th,ค่าใช้จ่ายส่วนตัว
"20/1/2025, 15:09:57", ปุณณภพ มีฤทธิ์,6630250591,19/1/2025,21:21:00,5000,194,punnaphop.m@ku.th,ค่าใช้จ่ายพื้นฐาน
"20/1/2025, 22:21:48",วรินทร์ สายปัญญา,6630250435,20/1/2025,22:21:00,0,193,warin.sai@ku.th,ค่าใช้จ่ายพื้นฐาน
"20/1/2025, 22:48:39",ปุณณภพ มีฤทธิ์,6630250591,20/1/2025,22:48:00,0,171,punnaphop.m@ku.th,ค่าใช้จ่ายพื้นฐาน
"21/1/2025, 0:23:47",พันธุ์ธัช สุวรรณวัฒนะ,6630250281,20/1/2025,12:23:00,0,1166,pantat.s@ku.th,ค่าใช้จ่ายส่วนตัว
"21/1/2025, 18:22:13",ปัณณวัฒน์ นิ่งเจริญ,6630250231,20/1/2025,11:12:00,0,0,pannawat.n@ku.th,ไม่มีค่าใช้จ่าย
"21/1/2025, 18:23:15",ปัณณวัฒน์ นิ่งเจริญ,6630250231,21/1/2025,18:23:00,0,90,pannawat.n@ku.th,ค่าใช้จ่ายพื้นฐาน
"21/1/2025, 21:04:57",วรินทร์ สายปัญญา,6630250435,21/1/2025,21:04:00,0,200,warin.sai@ku.th,ค่าใช้จ่ายพื้นฐาน
"22/1/2025, 0:49:26",พันธุ์ธัช สุวรรณวัฒนะ,6630250281,21/1/2025,0:49:00,0,225,pantat.s@ku.th,ค่าใช้จ่ายพื้นฐาน
"22/1/2025, 2:33:19",ปุณณภพ มีฤทธิ์,6630250591,21/1/2025,21:08:00,0,233,punnaphop.m@ku.th,ค่าใช้จ่ายพื้นฐาน
"22/1/2025, 21:19:43",วรินทร์ สายปัญญา,6630250435,22/1/2025,21:19:00,0,236,warin.sai@ku.th,ค่าใช้จ่ายพื้นฐาน
"22/1/2025, 23:51:14",พันธุ์ธัช สุวรรณวัฒนะ,6630250281,22/1/2025,11:51:00,0,149,pantat.s@ku.th,ค่าใช้จ่ายพื้นฐาน
"23/1/2025, 10:37:59",ปุณณภพ มีฤทธิ์,6630250591,22/1/2025,18:12:00,0,192.25,punnaphop.m@ku.th,ค่าใช้จ่ายพื้นฐาน
"23/1/2025, 10:38:44",ปัณณวัฒน์ นิ่งเจริญ,6630250231,22/1/2025,22:00:00,0,0,pannawat.n@ku.th,ไม่มีค่าใช้จ่าย
"23/1/2025, 21:13:35",วรินทร์ สายปัญญา,6630250435,23/1/2025,21:13:00,0,185,warin.sai@ku.th,ค่าใช้จ่ายพื้นฐาน
"23/1/2025, 23:06:44",ปุณณภพ มีฤทธิ์,6630250591,23/1/2025,23:06:00,0,258,punnaphop.m@ku.th,ค่าใช้จ่ายพื้นฐาน
"23/1/2025, 23:35:44",พันธุ์ธัช สุวรรณวัฒนะ,6630250281,23/1/2025,23:35:00,0,1210,pantat.s@ku.th,ค่าใช้จ่ายส่วนตัว
"24/1/2025, 11:48:38",ปัณณวัฒน์ นิ่งเจริญ,6630250231,23/1/2025,20:00:00,0,50,pannawat.n@ku.th,ค่าใช้จ่ายพื้นฐาน
"24/1/2025, 20:49:40",วรินทร์ สายปัญญา,6630250435,24/1/2025,20:49:00,0,246,warin.sai@ku.th,ค่าใช้จ่ายพื้นฐาน
"24/1/2025, 23:57:37",พันธุ์ธัช สุวรรณวัฒนะ,6630250281,24/1/2025,11:57:00,0,1135,pantat.s@ku.th,ค่าใช้จ่ายส่วนตัว
"25/1/2025, 11:42:53",ปัณณวัฒน์ นิ่งเจริญ,6630250231,24/1/2025,22:00:00,0,65,pannawat.n@ku.th,ค่าใช้จ่ายพื้นฐาน
"25/1/2025, 12:19:58",ปุณณภพ มีฤทธิ์,6630250591,24/1/2025,21:49:00,0,320,punnaphop.m@ku.th,ค่าใช้จ่ายพื้นฐาน
"25/1/2025, 20:36:51",ปุณณภพ มีฤทธิ์,6630250591,25/1/2025,20:36:00,0,387.75,punnaphop.m@ku.th,ค่าใช้จ่ายพื้นฐาน
"25/1/2025, 22:01:03",วรินทร์ สายปัญญา,6630250435,25/1/2025,22:00:00,0,316,warin.sai@ku.th,ค่าใช้จ่ายพื้นฐาน
"25/1/2025, 23:17:26",พันธุ์ธัช สุวรรณวัฒนะ,6630250281,25/1/2025,11:17:00,0,309,pantat.s@ku.th,ค่าใช้จ่ายพื้นฐาน
"26/1/2025, 0:18:55",ปัณณวัฒน์ นิ่งเจริญ,6630250231,25/1/2025,22:00:00,0,70,pannawat.n@ku.th,ค่าใช้จ่ายพื้นฐาน
"26/1/2025, 20:31:15",วรินทร์ สายปัญญา,6630250435,26/1/2025,20:30:00,0,1016.93,warin.sai@ku.th,ค่าใช้จ่ายส่วนตัว
"26/1/2025, 23:53:59",พันธุ์ธัช สุวรรณวัฒนะ,6630250281,26/1/2025,23:53:00,0,55,pantat.s@ku.th,ค่าใช้จ่ายพื้นฐาน
"27/1/2025, 1:25:12",ปัณณวัฒน์ นิ่งเจริญ,6630250231,26/1/2025,22:00:00,1000,0,pannawat.n@ku.th,ไม่มีค่าใช้จ่าย
"27/1/2025, 7:59:23",ปุณณภพ มีฤทธิ์,6630250591,26/1/2025,20:36:00,0,216,punnaphop.m@ku.th,ค่าใช้จ่ายพื้นฐาน
"27/1/2025, 21:13:32",วรินทร์ สายปัญญา,6630250435,27/1/2025,21:13:00,0,150,warin.sai@ku.th,ค่าใช้จ่ายพื้นฐาน
"27/1/2025, 23:50:00",ปัณณวัฒน์ นิ่งเจริญ,6630250231,27/1/2025,23:49:00,0,60,pannawat.n@ku.th,ค่าใช้จ่ายพื้นฐาน
"28/1/2025, 0:17:23",พันธุ์ธัช สุวรรณวัฒนะ,6630250281,27/1/2025,0:17:00,0,300,pantat.s@ku.th,ค่าใช้จ่ายพื้นฐาน
"28/1/2025, 2:13:59",ปุณณภพ มีฤทธิ์,6630250591,27/1/2025,23:57:00,0,202.25,punnaphop.m@ku.th,ค่าใช้จ่ายพื้นฐาน
"28/1/2025, 23:21:42",วรินทร์ สายปัญญา,6630250435,28/1/2025,23:21:00,1000,414,warin.sai@ku.th,ค่าใช้จ่ายพื้นฐาน
"28/1/2025, 23:26:49",พันธุ์ธัช สุวรรณวัฒนะ,6630250281,28/1/2025,23:26:00,0,325,pantat.s@ku.th,ค่าใช้จ่ายพื้นฐาน
"29/1/2025, 1:15:41",ปัณณวัฒน์ นิ่งเจริญ,6630250231,28/1/2025,22:00:00,0,0,pannawat.n@ku.th,ไม่มีค่าใช้จ่าย
"29/1/2025, 23:01:19",วรินทร์ สายปัญญา,6630250435,29/1/2025,23:00:00,1000,335,warin.sai@ku.th,ค่าใช้จ่ายพื้นฐาน
"30/1/2025, 2:02:31",ปัณณวัฒน์ นิ่งเจริญ,6630250231,29/1/2025,22:00:00,0,20,pannawat.n@ku.th,ค่าใช้จ่ายพื้นฐาน
"30/1/2025, 13:01:07",พันธุ์ธัช สุวรรณวัฒนะ,6630250281,29/1/2025,13:01:00,500,135,pantat.s@ku.th,ค่าใช้จ่ายพื้นฐาน
"30/1/2025, 13:05:09",ปุณณภพ มีฤทธิ์,6630250591,28/1/2025,18:46:00,0,119,punnaphop.m@ku.th,ค่าใช้จ่ายพื้นฐาน
"30/1/2025, 13:06:04",ปุณณภพ มีฤทธิ์,6630250591,29/1/2025,13:15:00,0,0,punnaphop.m@ku.th,ไม่มีค่าใช้จ่าย
